Приоритет,Контур,Статус,Готовность документа,Маршрут
Высокий,Основной,Готов к гранту,Есть,ФСИ Старт-1
Средний,Расширенный,К упаковке,Частично,ФСИ Старт-Пром
Низкий,,В работе,Нет,ФСИ УМНИК
,,Контрактный контур,,ФСИ Студенческий стартап
,,В резерве,,Новатор Москвы
,,Мониторинг,,Грант на пилотное тестирование МИК
,,Идея,,"ПФКИ 2027, первый конкурс"
,,,,"РНФ, прикладные и ориентированные исследования"
,,,,Росмолодежь.Гранты
,,,,Гранты Первых
,,,,Фонд президентских грантов
,,,,ФСИ Старт-Цифровые технологии
,,,,ФСИ Старт-Медизделия
,,,,ФСИ Старт-ИИ / искусственный интеллект
,,,,ФСИ Развитие
,,,,ФСИ Коммерциализация
,,,,ФСИ Бизнес-Старт
,,,,ФСИ Старт-НТИ / Развитие-НТИ
,,,,Сколково - гранты участникам проекта
,,,,Гранты Мэра Москвы / Добрый город
,,,,Минобрнауки - молодежные лаборатории / научные конкурсы
,,,,Фонд НТИ / конкурсы и акселераторы НТИ
,,,,Акселератор Спринт
,,,,Нацпроект «Кадры» / образовательные субсидии и конкурсы
,,,,Контрактный НИОКР / индустриальный заказчик
,,,,
,,,,
,,,,
,,,,
,,,,
,,,,
,,,,
,,,,
,,,,
,,,,
,,,,
,,,,
,,,,
,,,,
,,,,
,,,,
,,,,
,,,,
,,,,
,,,,
,,,,
,,,,
,,,,
,,,,
,,,,
,,,,
,,,,
,,,,
,,,,
,,,,
,,,,
,,,,
,,,,
,,,,
,,,,
,,,,
,,,,
,,,,
,,,,
,,,,
,,,,
,,,,
,,,,
,,,,
,,,,
,,,,
,,,,
,,,,
,,,,
,,,,
,,,,
,,,,
,,,,
,,,,
